<?xml version="1.0" encoding="UTF-8"?>

<beans xmlns="http://www.springframework.org/schema/beans"
	   xmlns:xsi="http://www.w3.org/2001/XMLSchema-instance"
	   xmlns:aop="http://www.springframework.org/schema/aop"
	   xmlns:tx="http://www.springframework.org/schema/tx"
	   xmlns:context="http://www.springframework.org/schema/context"
	   xsi:schemaLocation="
       http://www.springframework.org/schema/beans
       http://www.springframework.org/schema/beans/spring-beans-4.3.xsd
       http://www.springframework.org/schema/tx
       http://www.springframework.org/schema/tx/spring-tx-4.3.xsd
       http://www.springframework.org/schema/context
       http://www.springframework.org/schema/context/spring-context-4.3.xsd
       http://www.springframework.org/schema/aop
       http://www.springframework.org/schema/aop/spring-aop-4.3.xsd">
       
       
       <!-- Scan -->
       
       <context:component-scan base-package="com.cdtskj.*">
       </context:component-scan>
       
       
       <!-- DataSource -->
       
       <bean id="dataSource"  class="org.apache.commons.dbcp2.BasicDataSource" destroy-method="close" >
        
        	<property name="driverClassName" value="com.mysql.jdbc.Driver" />
        	
        	<property name="url" value="jdbc:mysql://127.0.0.1:3306/tdyd" />
        	
        	<property name="username" value="root" />
        	
        	<property name="password" value="123456" />    
        	
        	    	
        	       
       </bean>
       
       
       
       
       <!-- Hibernate Bean -->
       
       
       <bean id="sessionFactory" class="org.springframework.orm.hibernate5.LocalSessionFactoryBean">
              		
       		<property name="dataSource" ref="dataSource">
       		</property>
       		
       		<property name="hibernateProperties">       			
       			<props>       			       				 
        
			        <prop key="hibernate.dialect">org.hibernate.dialect.MySQLDialect</prop>
			        
			        <prop key="hibernate.show_sql">false</prop>
			        
			        <prop key="hibernate.hbm2ddl.auto">none</prop>
			        
			        <prop key="format_sql">true</prop>
			        
			         
			         
			        
			        <prop key="current_session_context_class">thread</prop>
			        			        
			        <prop key="jdbc.fetch_size">50</prop>			        			        
			        
			        <prop key="jdbc.batch_size">30</prop>
       			
       			
       			</props>       		
       		</property>
       		
       		<property name="mappingLocations">
       			
       			<list>
       				
       				<value>
       				
       					classpath:com/cdtskj/pojo/*.hbm.xml
       				
       				</value>
       				
       			</list>
       			
       		</property>
       
       </bean>
       
       
       <bean id="baseDao" class="com.cdtskj.xt.base.BaseDAOImpl">
       
       		<property name="sessionFactory" ref="sessionFactory">
       		</property>
       
       </bean>
       
       
       
       
       <!-- User Bean -->
       
       <bean id="loginAction" class="com.cdtskj.xt.login.action.LoginAction" scope="prototype">        
             
             <property name="userService" ref="userService">
             </property>
             
       </bean>
       
       
        <bean id="userAction"  class="com.cdtskj.xt.user.action.UserAction"  scope="prototype">
       
       		<property name="userService"  ref="userService">
       		</property>  
       		
       		<property name="agencyService" ref="agencyService">
       		</property>     
       
       </bean>
       
       
       <bean id="userService" class="com.cdtskj.xt.user.service.impl.UserServiceImpl">
       
       		 <property name="dao" ref="userDao">       		 
       		 </property>
       
       </bean>
       
       
       <bean id="userDao" class="com.cdtskj.xt.user.dao.impl.UserDAOImpl" parent="baseDao">
       
       </bean>
       
       
       
       
       <!-- Agency Bean -->
       
       <bean id="agencyAction" class="com.cdtskj.tdyd.agency.action.AgencyAction" scope="prototype">
       
       		<property name="agencyService"  ref="agencyService">      		       		
       		</property>
       
       </bean>
       
       
       <bean id="agencyService" class="com.cdtskj.tdyd.agency.service.impl.AgencyServiceImpl">
       
       		<property name="dao"  ref="agencyDao">      		       		
       		</property>
       
       </bean>
       
       
       <bean id="agencyDao" class="com.cdtskj.tdyd.agency.dao.impl.AgencyDAOImpl" parent="baseDao">            		 
       
       </bean>
       
       
       
       <!-- Line Bean -->
       
       <bean id="lineAction" class="com.cdtskj.tdyd.line.action.LineAction" scope="prototype">
       
       		<property name="lineService"  ref="lineService">
       		</property>
       
       </bean>
       
       
       <bean id="lineService" class="com.cdtskj.tdyd.line.service.impl.LineServiceImpl">
       
       		<property name="dao"  ref="lineDao">
       		</property>
       
       </bean>
       
       
       <bean id="lineDao" class="com.cdtskj.tdyd.line.dao.impl.LineDAOImpl" parent="baseDao">              		 
       
       </bean>
       
       
       
       <!-- Log Bean -->
       
       <bean id="logAction"  class="com.cdtskj.xt.log.action.LogAction"  scope="prototype">
       
       		<property name="logService"  ref="logService">
       		</property>
       
       </bean>
       
       
       <bean id="logService"  class="com.cdtskj.xt.log.service.impl.LogServiceImpl">
       
       		<property name="dao"  ref="logDao">
       		</property>
       
       </bean>    
    
    
       <bean id="logDao"  class="com.cdtskj.xt.log.dao.impl.LogDAOImpl"  parent="baseDao">             		 
       
       </bean>
       
       
       
       
       <!-- Guide Bean -->
       
      <bean id="guideAction"  class="com.cdtskj.tdyd.guide.action.GuideAction"  scope="prototype">
      
      		<property name="guideService" ref="guideService">      		
      		</property>	
      		
      		<property name="agencyService" ref="agencyService">      		
      		</property>	
      
      </bean>
      
      
      <bean id="guideService"  class="com.cdtskj.tdyd.guide.service.impl.GuideServiceImpl">
      
      		<property name="dao" ref="guideDao">      		
      		</property>	
      		
      		<property name="agencyDao" ref="agencyDao">      		
      		</property>	
      
      </bean>
      
      
      <bean id="guideDao"  class="com.cdtskj.tdyd.guide.dao.impl.GuideDAOImpl"  parent="baseDao">           		 
      
      </bean>
       
       
       
       <!-- Order Bean -->
       
       <bean id="orderAction"  class="com.cdtskj.tdyd.order.action.OrderAction"  scope="prototype">
       	
       		<property name="orderService"  ref="orderService">
       		</property>
       		
       		<property name="agencyService"  ref="agencyService">
       		</property>
       		
       		<property name="lineService"  ref="lineService">
       		</property>
       		
       		<property name="guideService"  ref="guideService">
       		</property>
       
       </bean>
        
       
       <bean id="orderService"  class="com.cdtskj.tdyd.order.service.impl.OrderServiceImpl">
       	
       		<property name="dao"  ref="orderDao">
       		</property>
       
       </bean>
       
       
       <bean id="orderDao"  class="com.cdtskj.tdyd.order.dao.impl.OrderDAOImpl"  parent="baseDao">
       	       
       </bean>
       
       
       
       
       
       
       
       
       
       
       
       
       
       
       <!-- Log AOP -->
       
       <bean id="myadviser"  class="com.cdtskj.util.LogAdvice">
       
       		<property name="logService"  ref="logService">       		
       		</property>
       
       </bean>
       
       
       <aop:config>
       
       		<aop:aspect id="myaspect" ref="myadviser">
       		
       			<aop:pointcut expression="
       			(
       			 execution(* com.cdtskj.*.*.service..*.*(..)) || 
       			 execution(* com.cdtskj.tdyd.*.service..*.*(..))
       			) and 
       			!execution(* com.cdtskj.xt.log.service..*.*(..))"  
       			id="ServicePointCut" />
       			       			
       			
       			<aop:before method="before" pointcut-ref="ServicePointCut" />
       			 
       			
       			<aop:after-throwing method="afterThrowing" throwing="ex" pointcut-ref="ServicePointCut" />       			 
       		
       		
       		</aop:aspect>       
       
       </aop:config>
       
       
       
       
       <!-- Transaction AOP -->
       
       <bean id="transactionManager"  class="org.springframework.orm.hibernate5.HibernateTransactionManager">
       
       		<property name="sessionFactory"  ref="sessionFactory">
       		</property>      		       		
       
       </bean>
       
       
       <tx:advice id="txadvice"  transaction-manager="transactionManager">
       
       		<tx:attributes>
      		
      			<tx:method name="login*"  propagation="REQUIRED" />		
      			
      			<tx:method name="apply*"  propagation="REQUIRED" />	
      			
      			<tx:method name="exam*"   propagation="REQUIRED" />	
      			
       		
       			<tx:method name="add*"     propagation="REQUIRED" />
       			
       			<tx:method name="modify*"  propagation="REQUIRED" />
       			
       			<tx:method name="save*"    propagation="REQUIRED" />
       		
       		
       			<tx:method name="delete*"  propagation="REQUIRED" />		
       		
       			<tx:method name="update*"  propagation="REQUIRED" />
       			
       			<tx:method name="before*"  propagation="REQUIRED" />
       			
       			
       			<tx:method name="*"  propagation="REQUIRED" read-only="true" />
       		
       		
       		</tx:attributes>       
       
       </tx:advice>
       
       
       
       <aop:config>
       
       		<aop:pointcut expression="
       		execution(* com.cdtskj.tdyd.*.service..*.*(..)) or 
       		execution(* com.cdtskj.xt.*.service..*.*(..))" 
       		id="ManagerMethod"  />
       		
       		<aop:advisor advice-ref="txadvice"  pointcut-ref="ManagerMethod" />
       
       </aop:config>
       
    	
    
    
</beans>    