<?xml version="1.0" encoding="UTF-8"?>
<!DOCTYPE hibernate-configuration PUBLIC
		"-//Hibernate/Hibernate Configuration DTD 3.0//EN"
		"http://www.hibernate.org/dtd/hibernate-configuration-3.0.dtd">
<hibernate-configuration>

    <session-factory name="tdyd">
    
    	<!-- DB Driver -->
    
        <property name="hibernate.connection.driver_class">com.mysql.jdbc.Driver</property>
        
        <!-- Connect URL -->
        
        <property name="hibernate.connection.url">jdbc:mysql://127.0.0.1:3306/tdyd</property>
        
        <!-- Userid -->
        
        <property name="hibernate.connection.username">root</property>
        
        <!-- Password -->
        
        <property name="hibernate.connection.password">123456</property>
        
        <!-- DB Dialect -->
        
        <property name="hibernate.dialect">org.hibernate.dialect.MySQLDialect</property>
        
        <!-- Context -->
        
        <property name="current_session_context_class">thread</property>
        
        
        
        <!-- Fetch size -->
        
        <property name="jdbc.fetch_size">50</property>
        
        <!-- Batch size -->
        
        <property name="jdbc.batch_size">30</property>
        
        
        
        <!-- Mapping Table -->
       
       <mapping  resource="com/cdtskj/pojo/LyAgency.hbm.xml" />
       
       <mapping  resource="com/cdtskj/pojo/LyGuide.hbm.xml" />
       
       <mapping  resource="com/cdtskj/pojo/LyLine.hbm.xml" />
       
       
       <mapping  resource="com/cdtskj/pojo/LyOrder.hbm.xml" />
       
       <mapping  resource="com/cdtskj/pojo/XtLog.hbm.xml" />
       
       <mapping  resource="com/cdtskj/pojo/XtUser.hbm.xml" />

         
        
        
        
    </session-factory>
    
</hibernate-configuration>
