<?xml version="1.0" encoding="UTF-8"?>

<!DOCTYPE struts PUBLIC
    "-//Apache Software Foundation//DTD Struts Configuration 2.5//EN"
    "http://struts.apache.org/dtds/struts-2.5.dtd">


<struts>

	<package name="line-package" namespace="/line"  strict-method-invocation="false"     extends="struts-default">
	
	
		<action name="query" class="lineAction" method="query">					 
		
			<result name="list" >
				/html/tdyd/line/linelist.jsp			
			</result>
			
		</action>	
		
		
		<action name="edit" class="lineAction" method="edit">					 
		
			<result name="data" >
				/html/tdyd/line/linedata.jsp			
			</result>
			
		</action>	
		
		
		 
		
		
		<action name="save" class="lineAction" method="save">					 
		
			<result name="list" type="redirect">
				query.action		
			</result>
			
		</action>	
		
		
		<action name="delete" class="lineAction" method="delete">					 
		
			<result name="list" type="redirect">
				query.action		
			</result>
			
		</action>			
	
	
	</package>

</struts>