<?xml version="1.0" encoding="UTF-8"?>


<!DOCTYPE struts PUBLIC
    "-//Apache Software Foundation//DTD Struts Configuration 2.5//EN"
    "http://struts.apache.org/dtds/struts-2.5.dtd">


<struts>

	<package name="guide-package" namespace="/guide"  strict-method-invocation="false"     extends="struts-default">
	
	
		<action name="query" class="guideAction" method="query">					 
		
			<result name="list" >
				/html/tdyd/guide/guidelist.jsp			
			</result>
			
		</action>	
		
		
		<action name="edit" class="guideAction" method="edit">					 
		
			<result name="data" >
				/html/tdyd/guide/guidedata.jsp			
			</result>
			
		</action>	
		
		
		<action name="add" class="guideAction" method="add">					 
		
			<result name="data" >
				/html/tdyd/guide/guidedata.jsp			
			</result>
			
		</action>	
		 
		
		
		<action name="save" class="guideAction" method="save">					 
		
			<result name="list" type="redirect">
				query.action		
			</result>
			
		</action>	
		
		
		<action name="delete" class="guideAction" method="delete">					 
		
			<result name="list" type="redirect">
				query.action		
			</result>
			
		</action>			
	
	
	</package>

</struts>