<?xml version="1.0" encoding="UTF-8"?>

<!DOCTYPE struts PUBLIC
    "-//Apache Software Foundation//DTD Struts Configuration 2.5//EN"
    "http://struts.apache.org/dtds/struts-2.5.dtd">


<struts>

	<package name="order-package" namespace="/order"  strict-method-invocation="false"     extends="struts-default">
	
	
		<action name="query" class="orderAction" method="query">					 
		
			<result name="list" >
				/html/tdyd/order/orderlist.jsp			
			</result>
			
		</action>	
		
		
		<action name="edit" class="orderAction" method="edit">					 
		
			<result name="data" >
				/html/tdyd/order/orderdata.jsp			
			</result>
			
		</action>	
		
		
		<action name="add" class="orderAction" method="add">					 
		
			<result name="data" >
				/html/tdyd/order/orderdata.jsp			
			</result>
			
		</action>	
		 
		
		
		<action name="save" class="orderAction" method="save">					 
		
			<result name="list" type="redirect">
				query.action		
			</result>
			
		</action>	
		
		
		<action name="delete" class="orderAction" method="delete">					 
		
			<result name="list" type="redirect">
				query.action		
			</result>
			
		</action>	
		
		
		<action name="applyOrder" class="orderAction" method="applyOrder">					 
		
			<result name="list" type="redirect">
				query.action		
			</result>
			
		</action>		
		
		
		<action name="uploadFile" class="orderAction" method="uploadFile">					 
		
			<result name="list" type="redirect">
				query.action		
			</result>	
			
			<result name="upload" >
				/html/tdyd/order/orderupload.jsp			
			</result>				
			
		</action>	
	
		
		<action name="upload" class="orderAction" method="upload">					 
								
			<result name="upload" >
				/html/tdyd/order/orderupload.jsp			
			</result>				
			
		</action>	
		
		
		<action name="examinePass" class="orderAction" method="examinePass">					 
		
			<result name="list" type="redirect">
				query.action		
			</result>	
			
		</action>	
	
		
		<action name="exam" class="orderAction" method="exam">					 
								
			<result name="exam" >
				/html/tdyd/order/orderexam.jsp			
			</result>				
			
		</action>	
		
		
		<action name="downloadFile" class="orderAction" method="downloadFile">					 
								
			 <result name="success"  type="stream">
			 	
			 	<param name="inputName">targetFile</param>
			 
			 	<param name="contentType">${targetContenetType}</param>
			 	
			 	<param name="contentDisposition">attachment;fileName="${downfilename}"</param>			 				 	
			 	
			 	<param name="bufferSize">1024</param>
			 
			 </result>			
			
		</action>	
		
			
	
	</package>

</struts>