<?xml version="1.0" encoding="UTF-8"?>

<!DOCTYPE struts PUBLIC
    "-//Apache Software Foundation//DTD Struts Configuration 2.5//EN"
    "http://struts.apache.org/dtds/struts-2.5.dtd">


<struts>

	<package name="log-package" namespace="/log"  strict-method-invocation="false"     extends="struts-default">
	
	
		<action name="query" class="logAction" method="query">					 
		
			<result name="list" >
				/html/xt/log/loglist.jsp			
			</result>
			
		</action>	
		
		
		
		<action name="delete" class="logAction" method="delete">					 
		
			<result name="list" type="redirect">
				query.action		
			</result>
			
		</action>	
		
		
		<action name="deleteall" class="logAction" method="deleteall">					 
		
			<result name="list" type="redirect">
				query.action		
			</result>
			
		</action>			
	
	
	</package>

</struts>