<?xml version="1.0" encoding="UTF-8"?>

<!DOCTYPE struts PUBLIC
    "-//Apache Software Foundation//DTD Struts Configuration 2.5//EN"
    "http://struts.apache.org/dtds/struts-2.5.dtd">


<struts>

	<package name="login-package" namespace="/login" extends="struts-default">
	
		<action name="login" class="loginAction">
		
			<result name="success" type="redirect">
				/main.jsp
			</result>
			
			<result name="login" type="redirect">
				/index.jsp
			</result> 
		
		</action>	
	
	</package>
	
	
	
	<package name="user-package" namespace="/user"  strict-method-invocation="false"     extends="struts-default">
	
	
		<action name="query" class="userAction" method="query">					 
		
			<result name="list" >
				/html/xt/user/userlist.jsp			
			</result>
			
		</action>	
		
		
		<action name="edit" class="userAction" method="edit">					 
		
			<result name="data" >
				/html/xt/user/userdata.jsp			
			</result>
			
		</action>	
		
		
		<action name="add" class="userAction" method="add">					 
		
			<result name="data" >
				/html/xt/user/userdata.jsp			
			</result>
			
		</action>	
		 
		
		
		<action name="save" class="userAction" method="save">					 
		
			<result name="list" type="redirect">
				query.action		
			</result>
			
		</action>	
		
		
		<action name="delete" class="userAction" method="delete">					 
		
			<result name="list" type="redirect">
				query.action		
			</result>
			
		</action>			
	
	
	</package>
	
	
</struts>