<?xml version="1.0" encoding="UTF-8"?>

<!DOCTYPE struts PUBLIC
    "-//Apache Software Foundation//DTD Struts Configuration 2.5//EN"
    "http://struts.apache.org/dtds/struts-2.5.dtd">


<struts>

	<!-- Dev mode -->
	
	<constant name="struts.devMode" value="true"></constant>
	
	
	
	<!-- Local support -->
	
	<constant name="struts.locale" value="zh_CN"></constant>
	
	
	<!-- Form theme -->
	
	<constant name="struts.ui.theme" value="simple"></constant>
	
	
	<!-- Para code -->
	
	<constant name="struts.i18n.encoding" value="UTF-8"></constant>
	
	
	<!-- Extension type -->
	
	<constant name="struts.action.extension" value="action"></constant>
		
	
	<!-- Set reload  -->
	
	<constant name="struts.configuration.xml.reload" value="true"></constant>
	
	
	
	
	
	<!-- Include other file -->
	
	<include file="config/struts-users.xml"></include>
	
	<include file="config/struts-agency.xml"></include>
	
	<include file="config/struts-line.xml"></include>
	
	<include file="config/struts-log.xml"></include>
	
	<include file="config/struts-guide.xml"></include>
	
	<include file="config/struts-order.xml"></include>

</struts>