<?xml version="1.0" encoding="UTF-8"?>

<beans xmlns="http://www.springframework.org/schema/beans"
    xmlns:xsi="http://www.w3.org/2001/XMLSchema-instance" xmlns:mvc="http://www.springframework.org/schema/mvc"
    xmlns:context="http://www.springframework.org/schema/context"
    xmlns:aop="http://www.springframework.org/schema/aop" xmlns:tx="http://www.springframework.org/schema/tx"
    xsi:schemaLocation="http://www.springframework.org/schema/beans 
        http://www.springframework.org/schema/beans/spring-beans-4.3.xsd 
        http://www.springframework.org/schema/mvc 
        http://www.springframework.org/schema/mvc/spring-mvc-4.3.xsd 
        http://www.springframework.org/schema/context 
        http://www.springframework.org/schema/context/spring-context-4.3.xsd 
        http://www.springframework.org/schema/aop 
        http://www.springframework.org/schema/aop/spring-aop-4.3.xsd 
        http://www.springframework.org/schema/tx 
        http://www.springframework.org/schema/tx/spring-tx-4.3.xsd ">
        
        
        
        
       <!-- Scan -->
       
       <context:component-scan base-package="com.cdtskj.*">
       </context:component-scan>
       
       
       <!-- DataSource -->
       
       <bean id="dataSource"  class="org.apache.commons.dbcp2.BasicDataSource" destroy-method="close" >
        
        	<property name="driverClassName" value="com.mysql.jdbc.Driver" />
        	
        	<property name="url" value="jdbc:mysql://127.0.0.1:3306/tdyd" />
        	
        	<property name="username" value="root" />
        	
        	<property name="password" value="123456" />    
        	
        	    	
        	       
       </bean>
       
       
       
       
       <!-- MyBatis Bean -->
       
       
      <bean id="sqlSessionFactory" class="org.mybatis.spring.SqlSessionFactoryBean">            									    
      
        <property name="dataSource" ref="dataSource" />  
        
        <property name="mapperLocations" value="classpath:com/cdtskj/pojo/*.xml">
        </property>  
        
   	  </bean>  
   	  
   	  
   	  
   	   <bean class="org.mybatis.spring.mapper.MapperScannerConfigurer">     			  
    
	        <property name="basePackage" value="com.cdtskj.*.*.dao" />  
	        
	        <property name="sqlSessionFactoryBeanName" value="sqlSessionFactory">
	        </property>  
	        
	    </bean>  
   	  
   	  
   	   <bean id="sqlSessionTemplate" class="org.mybatis.spring.SqlSessionTemplate">
   	   
        	<constructor-arg index="0" ref="sqlSessionFactory" />
        	
       </bean>
   	  
      
       
       <bean id="baseDao" abstract="true" class="com.cdtskj.xt.base.BaseDAOImpl">
       
       		 <property name="session" ref="sqlSessionTemplate" />
       
       </bean>
       
       
       
       
       <!-- User Bean -->
              
       
       <bean id="userService" class="com.cdtskj.xt.user.service.impl.UserServiceImpl">
       
       		 <property name="dao" ref="userDao">       		 
       		 </property>
       
       </bean>
       
       
       <bean id="userDao" class="com.cdtskj.xt.user.dao.impl.UserDAOImpl" parent="baseDao">
       
       </bean>
       
       
       
       
       <!-- Agency Bean -->
       
               
       
       <bean id="agencyService" class="com.cdtskj.tdyd.agency.service.impl.AgencyServiceImpl">
       
       		<property name="dao"  ref="agencyDao">      		       		
       		</property>
       
       </bean>
       
       
       <bean id="agencyDao" class="com.cdtskj.tdyd.agency.dao.impl.AgencyDAOImpl" parent="baseDao">            		 
       
       </bean>
       
       
       
       <!-- Line Bean -->
             
       
       <bean id="lineService" class="com.cdtskj.tdyd.line.service.impl.LineServiceImpl">
       
       		<property name="dao"  ref="lineDao">
       		</property>
       
       </bean>
       
       
       <bean id="lineDao" class="com.cdtskj.tdyd.line.dao.impl.LineDAOImpl" parent="baseDao">              		 
       
       </bean>
       
       
       
       <!-- Log Bean -->
                    
       
       <bean id="logService"  class="com.cdtskj.xt.log.service.impl.LogServiceImpl">
       
       		<property name="dao"  ref="logDao">
       		</property>
       
       </bean>    
    
    
       <bean id="logDao"  class="com.cdtskj.xt.log.dao.impl.LogDAOImpl"  parent="baseDao">             		 
       
       </bean>
       
       
       
       
       <!-- Guide Bean -->
                
      
      <bean id="guideService"  class="com.cdtskj.tdyd.guide.service.impl.GuideServiceImpl">
      
      		<property name="dao" ref="guideDao">      		
      		</property>	
      		
      		<property name="agencyDao" ref="agencyDao">      		
      		</property>	
      
      </bean>
      
      
      <bean id="guideDao"  class="com.cdtskj.tdyd.guide.dao.impl.GuideDAOImpl"  parent="baseDao">           		 
      
      </bean>
       
       
       
       <!-- Order Bean -->
                      
       
       <bean id="orderService"  class="com.cdtskj.tdyd.order.service.impl.OrderServiceImpl">
       	
       		<property name="dao"  ref="orderDao">
       		</property>
       
       </bean>
       
       
       <bean id="orderDao"  class="com.cdtskj.tdyd.order.dao.impl.OrderDAOImpl"  parent="baseDao">
       	       
       </bean>
       
       
       
       
       <!-- Upload File -->
                
		<bean id="multipartResolver" class="org.springframework.web.multipart.commons.CommonsMultipartResolver">  
		    		    
		    <property name="defaultEncoding" value="UTF-8"/>  	    		     
		    
		    <property name="maxUploadSize" value="1124000"/> 
		     
		</bean>
       
       
       
       
       
       <!-- Log AOP -->
       
       <bean id="myadviser"  class="com.cdtskj.util.LogAdvice">
       
       		<property name="logService"  ref="logService">       		
       		</property>
       
       </bean>
       
       
       <aop:config>
       
       		<aop:aspect id="myaspect" ref="myadviser">
       		
       			<aop:pointcut expression="
       			(
       			 execution(* com.cdtskj.*.*.service..*.*(..)) || 
       			 execution(* com.cdtskj.tdyd.*.service..*.*(..))
       			) and 
       			!execution(* com.cdtskj.xt.log.service..*.*(..))"  
       			id="ServicePointCut" />
       			       			
       			
       			<aop:before method="before" pointcut-ref="ServicePointCut" />
       			 
       			
       			<aop:after-throwing method="afterThrowing" throwing="ex" pointcut-ref="ServicePointCut" />       			 
       		
       		
       		</aop:aspect>       
       
       </aop:config>
       
       
       
       
       <!-- Transaction AOP -->
                    
       
       <bean id="transactionManager"  
	        class="org.springframework.jdbc.datasource.DataSourceTransactionManager">  
	        	            
	        <property name="dataSource" ref="dataSource" />  
	        
	    </bean>  
       
       
       <tx:advice id="txadvice"  transaction-manager="transactionManager">
       
       		<tx:attributes>
      		
      			<tx:method name="login*"  propagation="REQUIRED" />		
      			
      			<tx:method name="apply*"  propagation="REQUIRED" />	
      			
      			<tx:method name="exam*"   propagation="REQUIRED" />	
      			
       		
       			<tx:method name="add*"     propagation="REQUIRED" />
       			
       			<tx:method name="modify*"  propagation="REQUIRED" />
       			
       			<tx:method name="save*"    propagation="REQUIRED" />
       		
       		
       			<tx:method name="delete*"  propagation="REQUIRED" />		
       		
       			<tx:method name="update*"  propagation="REQUIRED" />
       			
       			<tx:method name="before*"  propagation="REQUIRED" />
       			
       			
       			<tx:method name="*"  propagation="REQUIRED" read-only="true" />
       		
       		
       		</tx:attributes>       
       
       </tx:advice>
       
       
       
       <aop:config>
       
       		<aop:pointcut expression="
       		execution(* com.cdtskj.tdyd.*.service..*.*(..)) or 
       		execution(* com.cdtskj.xt.*.service..*.*(..))" 
       		id="ManagerMethod"  />
       		
       		<aop:advisor advice-ref="txadvice"  pointcut-ref="ManagerMethod" />
       
       </aop:config>
       
    	
    
    
</beans>    