<?xml version="1.0" encoding="UTF-8"?>

<!DOCTYPE generatorConfiguration 
	PUBLIC "-//mybatis.org//DTD MyBatis Generator Configuration 1.0//EN" 
		     "http://mybatis.org/dtd/mybatis-generator-config_1_0.dtd">

<generatorConfiguration>

	<!-- JDBC Driver lib -->	

	<classPathEntry  
	  
	        location="G:\MyInstall\MySQL\JdbcDriver\mysql-5.1.40-bin.jar" />  
	        
        

  	<context id="context1">
  	
  		<!-- Suppress comment -->
  	
  		<commentGenerator>  
             
            <property name="suppressAllComments" value="true"/>  
            
            <property name="suppressDate" value="true" />
            
        </commentGenerator> 
        
        
        
        <!-- Connection URL -->
  
	    <jdbcConnection  driverClass="com.mysql.jdbc.Driver"
	    
	    				 connectionURL="jdbc:mysql://127.0.0.1:3306/tdyd" 
	    
	    				 userId="root"
	    				 
	    				 password="123456"  
	    				 />
	    				 
	    				 
	    				 
	    <!-- Model class -->	    
	    
	    <javaModelGenerator targetPackage="com.cdtskj.pojo" targetProject="tdydssm/src" >	    
	    	
	    	<property name="enableSubPackages" value="false"/>
	    	
            <property name="trimStrings" value="false"/>

	    </javaModelGenerator>
	    
	    
	    <!-- Mapper File -->
	    
	    <sqlMapGenerator targetPackage="com.cdtskj.pojo" targetProject="tdydssm/src" >
	    
	    	<property name="enableSubPackages" value="false"/>
	    
	    </sqlMapGenerator>
	    
	    
	    <!-- Client class dao-->
	    
	    <javaClientGenerator targetPackage="com.cdtskj.pojo" targetProject="tdydssm/src" type="XMLMAPPER" >
	    
	    	<property name="enableSubPackages" value="false"/>
	    	
	    </javaClientGenerator>
	    
	    
	    <!-- Table List -->
	    
	    <table schema="tdyd" tableName="ly_agency"  
	    		enableCountByExample="false"  enableUpdateByExample="false"
      			enableDeleteByExample="false" enableSelectByExample="false"
      			selectByExampleQueryId="false" >	    	       
	      		
	    </table>
	    
	    
	    <table schema="tdyd" tableName="ly_guide"  
	    		enableCountByExample="false"  enableUpdateByExample="false"
      			enableDeleteByExample="false" enableSelectByExample="false"
      			selectByExampleQueryId="false" >	    	       
	      
	    </table>
	    
	    <table schema="tdyd" tableName="ly_line"  
	    		enableCountByExample="false"  enableUpdateByExample="false"
      			enableDeleteByExample="false" enableSelectByExample="false"
      			selectByExampleQueryId="false" >	    	       
	      
	    </table>
	    
	    <table schema="tdyd" tableName="ly_order"  
	    		enableCountByExample="false"  enableUpdateByExample="false"
      			enableDeleteByExample="false" enableSelectByExample="false"
      			selectByExampleQueryId="false" >	    	       
	      
	    </table>
	    
	    <table schema="tdyd" tableName="xt_log"  
	    		enableCountByExample="false"  enableUpdateByExample="false"
      			enableDeleteByExample="false" enableSelectByExample="false"
      			selectByExampleQueryId="false" >	    	       
	      
	    </table>
	    
	    <table schema="tdyd" tableName="xt_user"  
	    		enableCountByExample="false"  enableUpdateByExample="false"
      			enableDeleteByExample="false" enableSelectByExample="false"
      			selectByExampleQueryId="false" >	    	       
	      
	    </table>
	    
	    
	    
    
  	 </context>
  
</generatorConfiguration>