<?xml version="1.0" encoding="UTF-8"?>

<beans xmlns="http://www.springframework.org/schema/beans"  
    xmlns:xsi="http://www.w3.org/2001/XMLSchema-instance" xmlns:p="http://www.springframework.org/schema/p"  
    xmlns:context="http://www.springframework.org/schema/context"  
    xmlns:mvc="http://www.springframework.org/schema/mvc"  
    xsi:schemaLocation="http://www.springframework.org/schema/beans    
                        http://www.springframework.org/schema/beans/spring-beans-4.3.xsd    
                        http://www.springframework.org/schema/context    
                        http://www.springframework.org/schema/context/spring-context-4.3.xsd    
                        http://www.springframework.org/schema/mvc    
                        http://www.springframework.org/schema/mvc/spring-mvc-4.3.xsd">  
       
       
       <!-- Scan package -->
       
       <context:component-scan base-package="com.cdtskj.*"  >
       </context:component-scan>
        
       
       
       <!-- Annotation Driver-->
       
       <mvc:annotation-driven /> 
       
       <mvc:default-servlet-handler/>
       
       
       
       <!-- Static Resource -->             
              
       <mvc:resources location="/images/**" mapping="/images/">
       </mvc:resources>
       
       <mvc:resources location="/skin/**" mapping="/skin/">
       </mvc:resources>
        
       
       
       <!-- JSON Set -->
       
       <bean id="mappingJacksonHttpMessageConverter"  
	        class="org.springframework.http.converter.json.MappingJackson2HttpMessageConverter">
	        	   	  
	        
	        <property name="supportedMediaTypes">  
	        
	            <list>  
	                <value>text/html;charset=UTF-8</value>  
	            </list>  
	            
	        </property>  
	        
	    </bean>  
	    
	    
	    
	    <!-- Annotation Function -->
	    
	    <bean  
	        class=" org.springframework.web.servlet.mvc.annotation.AnnotationMethodHandlerAdapter"> 	       
	        	    
	         
	        <property name="messageConverters">  
	        
	            <list>  
	                <ref bean="mappingJacksonHttpMessageConverter" /> 
	            </list>  
	            
	        </property>  
	        
	    </bean>  
	    
	    
	    <!-- Upload -->
	    
	     <bean id="multipartResolver"    
	        class="org.springframework.web.multipart.commons.CommonsMultipartResolver">  
	        	     
	       
	        <property name="defaultEncoding" value="UTF-8" />    
	       
	        <property name="maxUploadSize" value="10485760000" />    
	        
	        <property name="maxInMemorySize" value="40960" />    
	        
	        <property name="resolveLazily" value="true"/>
	        
	    </bean> 
	    
	  
        
        
        <bean class="org.springframework.web.servlet.view.InternalResourceViewResolver">  
	         
	        <property name="prefix" value="/" />  
	        
	        <property name="suffix" value=".jsp" />  
	        
	    </bean>  
       
</beans>       