<?xml version="1.0" encoding="UTF-8"?>
<!DOCTYPE mapper PUBLIC "-//mybatis.org//DTD Mapper 3.0//EN" "http://mybatis.org/dtd/mybatis-3-mapper.dtd">
<mapper namespace="com.cdtskj.pojo.LyAgency">
  <resultMap id="BaseResultMap" type="com.cdtskj.pojo.LyAgency">
    <id column="agencyid" jdbcType="INTEGER" property="agencyid" />
    <result column="name" jdbcType="VARCHAR" property="name" />
    <result column="code" jdbcType="VARCHAR" property="code" />
    <result column="phone" jdbcType="VARCHAR" property="phone" />
    <result column="email" jdbcType="VARCHAR" property="email" />
    <result column="remark" jdbcType="VARCHAR" property="remark" />
  </resultMap>
  <sql id="Base_Column_List">
    agencyid, name, code, phone, email, remark
  </sql>
  <select id="selectByPrimaryKey" parameterType="java.lang.Integer" resultMap="BaseResultMap">
    select 
    <include refid="Base_Column_List" />
    from ly_agency
    where agencyid = #{agencyid,jdbcType=INTEGER}
  </select>
  <delete id="deleteByPrimaryKey" parameterType="java.lang.Integer">
    delete from ly_agency
    where agencyid = #{agencyid,jdbcType=INTEGER}
  </delete>
  
  <insert id="insert" parameterType="com.cdtskj.pojo.LyAgency">
    insert into ly_agency (agencyid, name, code, 
      phone, email, remark
      )
    values (#{agencyid,jdbcType=INTEGER}, #{name,jdbcType=VARCHAR}, #{code,jdbcType=VARCHAR}, 
      #{phone,jdbcType=VARCHAR}, #{email,jdbcType=VARCHAR}, #{remark,jdbcType=VARCHAR}
      )
  </insert>
  
  <insert id="insertSelective" parameterType="com.cdtskj.pojo.LyAgency">
    insert into ly_agency
    <trim prefix="(" suffix=")" suffixOverrides=",">
      <if test="agencyid != null">
        agencyid,
      </if>
      <if test="name != null">
        name,
      </if>
      <if test="code != null">
        code,
      </if>
      <if test="phone != null">
        phone,
      </if>
      <if test="email != null">
        email,
      </if>
      <if test="remark != null">
        remark,
      </if>
    </trim>
    <trim prefix="values (" suffix=")" suffixOverrides=",">
      <if test="agencyid != null">
        #{agencyid,jdbcType=INTEGER},
      </if>
      <if test="name != null">
        #{name,jdbcType=VARCHAR},
      </if>
      <if test="code != null">
        #{code,jdbcType=VARCHAR},
      </if>
      <if test="phone != null">
        #{phone,jdbcType=VARCHAR},
      </if>
      <if test="email != null">
        #{email,jdbcType=VARCHAR},
      </if>
      <if test="remark != null">
        #{remark,jdbcType=VARCHAR},
      </if>
    </trim>
  </insert>
  <update id="updateByPrimaryKeySelective" parameterType="com.cdtskj.pojo.LyAgency">
    update ly_agency
    <set>
      <if test="name != null">
        name = #{name,jdbcType=VARCHAR},
      </if>
      <if test="code != null">
        code = #{code,jdbcType=VARCHAR},
      </if>
      <if test="phone != null">
        phone = #{phone,jdbcType=VARCHAR},
      </if>
      <if test="email != null">
        email = #{email,jdbcType=VARCHAR},
      </if>
      <if test="remark != null">
        remark = #{remark,jdbcType=VARCHAR},
      </if>
    </set>
    where agencyid = #{agencyid,jdbcType=INTEGER}
  </update>
  <update id="updateByPrimaryKey" parameterType="com.cdtskj.pojo.LyAgency">
    update ly_agency
    set name = #{name,jdbcType=VARCHAR},
      code = #{code,jdbcType=VARCHAR},
      phone = #{phone,jdbcType=VARCHAR},
      email = #{email,jdbcType=VARCHAR},
      remark = #{remark,jdbcType=VARCHAR}
    where agencyid = #{agencyid,jdbcType=INTEGER}
  </update>
  
  
  <select id="selectParam" parameterType="java.util.Map" resultMap="BaseResultMap">
   
     select * from ly_agency 
     
   		<where>
   		
   		<if test="name != null">name like '%${name}%'</if>
   		
   		<if test="code != null"> and code like '%${code}%'</if>
   		
   		<if test="pageno != null">  limit ${(pageno-1) * pagesize} , #{pagesize}</if>
   		
      	 
       </where>
               
    
  </select>
  
  
  <select id="selectCount" parameterType="java.util.Map"  resultType="java.lang.Long" >
   
     select count(*) from ly_agency 
     
   		<where>
   		
   		<if test="name != null">name like '%${name}%'</if>
   		
   		<if test="code != null"> and code like '%${code}%'</if>
   		
   		      	 
       </where>
               
    
  </select>
  
  
   
  
</mapper>