<?xml version="1.0" encoding="UTF-8"?>
<!DOCTYPE mapper PUBLIC "-//mybatis.org//DTD Mapper 3.0//EN" "http://mybatis.org/dtd/mybatis-3-mapper.dtd">
<mapper namespace="com.cdtskj.pojo.LyGuide">

  <resultMap id="BaseResultMap" type="com.cdtskj.pojo.LyGuide">
    <id column="guideid" jdbcType="INTEGER" property="guideid" />
    <result column="name" jdbcType="VARCHAR" property="name" />
    <result column="phone" jdbcType="VARCHAR" property="phone" />
    <result column="email" jdbcType="VARCHAR" property="email" />
    <result column="sex" jdbcType="VARCHAR" property="sex" />
    <result column="agencyid" jdbcType="INTEGER" property="agencyid" />
    <result column="qqnum" jdbcType="VARCHAR" property="qqnum" />
    <result column="remark" jdbcType="VARCHAR" property="remark" />
  </resultMap>
  
  <sql id="Base_Column_List">
    guideid, name, phone, email, sex, agencyid, qqnum, remark
  </sql>
  
  
  <select id="selectByPrimaryKey" parameterType="java.lang.Integer" resultMap="BaseResultMap">
    select 
    <include refid="Base_Column_List" />
    from ly_guide
    where guideid = #{guideid,jdbcType=INTEGER}
  </select>
  
  
  <delete id="deleteByPrimaryKey" parameterType="java.lang.Integer">
    delete from ly_guide
    where guideid = #{guideid,jdbcType=INTEGER}
  </delete>
  <insert id="insert" parameterType="com.cdtskj.pojo.LyGuide">
    insert into ly_guide (guideid, name, phone, 
      email, sex, agencyid, 
      qqnum, remark)
    values (#{guideid,jdbcType=INTEGER}, #{name,jdbcType=VARCHAR}, #{phone,jdbcType=VARCHAR}, 
      #{email,jdbcType=VARCHAR}, #{sex,jdbcType=VARCHAR}, #{agencyid,jdbcType=INTEGER}, 
      #{qqnum,jdbcType=VARCHAR}, #{remark,jdbcType=VARCHAR})
  </insert>
  <insert id="insertSelective" parameterType="com.cdtskj.pojo.LyGuide">
    insert into ly_guide
    <trim prefix="(" suffix=")" suffixOverrides=",">
      <if test="guideid != null">
        guideid,
      </if>
      <if test="name != null">
        name,
      </if>
      <if test="phone != null">
        phone,
      </if>
      <if test="email != null">
        email,
      </if>
      <if test="sex != null">
        sex,
      </if>
      <if test="agencyid != null">
        agencyid,
      </if>
      <if test="qqnum != null">
        qqnum,
      </if>
      <if test="remark != null">
        remark,
      </if>
    </trim>
    <trim prefix="values (" suffix=")" suffixOverrides=",">
      <if test="guideid != null">
        #{guideid,jdbcType=INTEGER},
      </if>
      <if test="name != null">
        #{name,jdbcType=VARCHAR},
      </if>
      <if test="phone != null">
        #{phone,jdbcType=VARCHAR},
      </if>
      <if test="email != null">
        #{email,jdbcType=VARCHAR},
      </if>
      <if test="sex != null">
        #{sex,jdbcType=VARCHAR},
      </if>
      <if test="agencyid != null">
        #{agencyid,jdbcType=INTEGER},
      </if>
      <if test="qqnum != null">
        #{qqnum,jdbcType=VARCHAR},
      </if>
      <if test="remark != null">
        #{remark,jdbcType=VARCHAR},
      </if>
    </trim>
  </insert>
  <update id="updateByPrimaryKeySelective" parameterType="com.cdtskj.pojo.LyGuide">
    update ly_guide
    <set>
      <if test="name != null">
        name = #{name,jdbcType=VARCHAR},
      </if>
      <if test="phone != null">
        phone = #{phone,jdbcType=VARCHAR},
      </if>
      <if test="email != null">
        email = #{email,jdbcType=VARCHAR},
      </if>
      <if test="sex != null">
        sex = #{sex,jdbcType=VARCHAR},
      </if>
      <if test="agencyid != null">
        agencyid = #{agencyid,jdbcType=INTEGER},
      </if>
      <if test="qqnum != null">
        qqnum = #{qqnum,jdbcType=VARCHAR},
      </if>
      <if test="remark != null">
        remark = #{remark,jdbcType=VARCHAR},
      </if>
    </set>
    where guideid = #{guideid,jdbcType=INTEGER}
  </update>
  <update id="updateByPrimaryKey" parameterType="com.cdtskj.pojo.LyGuide">
    update ly_guide
    set name = #{name,jdbcType=VARCHAR},
      phone = #{phone,jdbcType=VARCHAR},
      email = #{email,jdbcType=VARCHAR},
      sex = #{sex,jdbcType=VARCHAR},
      agencyid = #{agencyid,jdbcType=INTEGER},
      qqnum = #{qqnum,jdbcType=VARCHAR},
      remark = #{remark,jdbcType=VARCHAR}
    where guideid = #{guideid,jdbcType=INTEGER}
  </update>
  
  
   <select id="selectParam" parameterType="java.util.Map" resultMap="BaseResultMap">
   
     select * from ly_guide  
     
   		<where>
   		
   		<if test="name != null">name like '%${name}%'</if>
   		
   		<if test="sex != null"> and sex like '%${sex}%' </if>
   		
   		<if test="pageno != null">  limit ${(pageno-1) * pagesize} , #{pagesize}</if>
   		
      	 
       </where>
               
    
  </select>
  
  
  <select id="selectCount" parameterType="java.util.Map"  resultType="java.lang.Long" >
   
     select count(*) from ly_guide  
     
   		<where>
   		
   		<if test="name != null">name like '%${name}%'</if>
   		
   		<if test="sex != null"> and sex like '%${sex}%'</if>
   		
   		      	 
       </where>
               
    
  </select>
  
  
    
  
  
</mapper>