<?xml version="1.0" encoding="UTF-8"?>
<!DOCTYPE mapper PUBLIC "-//mybatis.org//DTD Mapper 3.0//EN" "http://mybatis.org/dtd/mybatis-3-mapper.dtd">
<mapper namespace="com.cdtskj.pojo.LyLine">
  <resultMap id="BaseResultMap" type="com.cdtskj.pojo.LyLine">
    <id column="lineid" jdbcType="INTEGER" property="lineid" />
    <result column="name" jdbcType="VARCHAR" property="name" />
    <result column="code" jdbcType="VARCHAR" property="code" />
    <result column="fromplace" jdbcType="VARCHAR" property="fromplace" />
    <result column="toplace" jdbcType="VARCHAR" property="toplace" />
    <result column="price" jdbcType="INTEGER" property="price" />
    <result column="remark" jdbcType="VARCHAR" property="remark" />
  </resultMap>
  
  <sql id="Base_Column_List">
    lineid, name, code, fromplace, toplace, price, remark
  </sql>
  
  <select id="selectByPrimaryKey" parameterType="java.lang.Integer" resultMap="BaseResultMap">
    select 
    <include refid="Base_Column_List" />
    from ly_line
    where lineid = #{lineid,jdbcType=INTEGER}
  </select>
  
  <delete id="deleteByPrimaryKey" parameterType="java.lang.Integer">
    delete from ly_line
    where lineid = #{lineid,jdbcType=INTEGER}
  </delete>
  <insert id="insert" parameterType="com.cdtskj.pojo.LyLine">
    insert into ly_line (lineid, name, code, 
      fromplace, toplace, price, 
      remark)
    values (#{lineid,jdbcType=INTEGER}, #{name,jdbcType=VARCHAR}, #{code,jdbcType=VARCHAR}, 
      #{fromplace,jdbcType=VARCHAR}, #{toplace,jdbcType=VARCHAR}, #{price,jdbcType=INTEGER}, 
      #{remark,jdbcType=VARCHAR})
  </insert>
  <insert id="insertSelective" parameterType="com.cdtskj.pojo.LyLine">
    insert into ly_line
    <trim prefix="(" suffix=")" suffixOverrides=",">
      <if test="lineid != null">
        lineid,
      </if>
      <if test="name != null">
        name,
      </if>
      <if test="code != null">
        code,
      </if>
      <if test="fromplace != null">
        fromplace,
      </if>
      <if test="toplace != null">
        toplace,
      </if>
      <if test="price != null">
        price,
      </if>
      <if test="remark != null">
        remark,
      </if>
    </trim>
    <trim prefix="values (" suffix=")" suffixOverrides=",">
      <if test="lineid != null">
        #{lineid,jdbcType=INTEGER},
      </if>
      <if test="name != null">
        #{name,jdbcType=VARCHAR},
      </if>
      <if test="code != null">
        #{code,jdbcType=VARCHAR},
      </if>
      <if test="fromplace != null">
        #{fromplace,jdbcType=VARCHAR},
      </if>
      <if test="toplace != null">
        #{toplace,jdbcType=VARCHAR},
      </if>
      <if test="price != null">
        #{price,jdbcType=INTEGER},
      </if>
      <if test="remark != null">
        #{remark,jdbcType=VARCHAR},
      </if>
    </trim>
  </insert>
  <update id="updateByPrimaryKeySelective" parameterType="com.cdtskj.pojo.LyLine">
    update ly_line
    <set>
      <if test="name != null">
        name = #{name,jdbcType=VARCHAR},
      </if>
      <if test="code != null">
        code = #{code,jdbcType=VARCHAR},
      </if>
      <if test="fromplace != null">
        fromplace = #{fromplace,jdbcType=VARCHAR},
      </if>
      <if test="toplace != null">
        toplace = #{toplace,jdbcType=VARCHAR},
      </if>
      <if test="price != null">
        price = #{price,jdbcType=INTEGER},
      </if>
      <if test="remark != null">
        remark = #{remark,jdbcType=VARCHAR},
      </if>
    </set>
    where lineid = #{lineid,jdbcType=INTEGER}
  </update>
  <update id="updateByPrimaryKey" parameterType="com.cdtskj.pojo.LyLine">
    update ly_line
    set name = #{name,jdbcType=VARCHAR},
      code = #{code,jdbcType=VARCHAR},
      fromplace = #{fromplace,jdbcType=VARCHAR},
      toplace = #{toplace,jdbcType=VARCHAR},
      price = #{price,jdbcType=INTEGER},
      remark = #{remark,jdbcType=VARCHAR}
    where lineid = #{lineid,jdbcType=INTEGER}
  </update>
  
  
   <select id="selectParam" parameterType="java.util.Map" resultMap="BaseResultMap">
   
     select * from ly_line 
     
   		<where>
   		
   		<if test="name != null">name like '%${name}%'</if>
   		
   		<if test="code != null"> and code like '%${code}%'</if>
   		
   		<if test="pageno != null">  limit ${(pageno-1) * pagesize} , #{pagesize}</if>
   		
      	 
       </where>
               
    
  </select>
  
  
  <select id="selectCount" parameterType="java.util.Map"  resultType="java.lang.Long" >
   
     select count(*) from ly_line 
     
   		<where>
   		
   		<if test="name != null">name like '%${name}%'</if>
   		
   		<if test="code != null"> and code like '%${code}%'</if>
   		
   		      	 
       </where>
               
    
  </select>
  
  
    
  
</mapper>