<?xml version="1.0" encoding="UTF-8"?>
<!DOCTYPE mapper PUBLIC "-//mybatis.org//DTD Mapper 3.0//EN" "http://mybatis.org/dtd/mybatis-3-mapper.dtd">
<mapper namespace="com.cdtskj.pojo.LyOrder">

  <resultMap id="BaseResultMap" type="com.cdtskj.pojo.LyOrder">
    <id column="orderid" jdbcType="INTEGER" property="orderid" />
    <result column="title" jdbcType="VARCHAR" property="title" />
    <result column="countnum" jdbcType="INTEGER" property="countnum" />
    <result column="timeuse" jdbcType="INTEGER" property="timeuse" />
    <result column="startdate" jdbcType="DATE" property="startdate" />
    <result column="enddate" jdbcType="DATE" property="enddate" />
    <result column="zt" jdbcType="VARCHAR" property="zt" />
    <result column="guideid" jdbcType="INTEGER" property="guideid" />
    <result column="lineid" jdbcType="INTEGER" property="lineid" />
    <result column="remark" jdbcType="VARCHAR" property="remark" />
    <result column="agencyid" jdbcType="INTEGER" property="agencyid" />
    <result column="filename" jdbcType="VARCHAR" property="filename" />
    <result column="realfilename" jdbcType="VARCHAR" property="realfilename" />
  </resultMap>
  
  <sql id="Base_Column_List">
    orderid, title, countnum, timeuse, startdate, enddate, zt, guideid, lineid, remark, 
    agencyid, filename, realfilename
  </sql>
  
  <select id="selectByPrimaryKey" parameterType="java.lang.Integer" resultMap="BaseResultMap">
    select 
    <include refid="Base_Column_List" />
    from ly_order
    where orderid = #{orderid,jdbcType=INTEGER}
  </select>
  
  <delete id="deleteByPrimaryKey" parameterType="java.lang.Integer">
    delete from ly_order
    where orderid = #{orderid,jdbcType=INTEGER}
  </delete>
  
  <insert id="insert" parameterType="com.cdtskj.pojo.LyOrder">
    insert into ly_order (orderid, title, countnum, 
      timeuse, startdate, enddate, 
      zt, guideid, lineid, 
      remark, agencyid, filename, 
      realfilename)
    values (#{orderid,jdbcType=INTEGER}, #{title,jdbcType=VARCHAR}, #{countnum,jdbcType=INTEGER}, 
      #{timeuse,jdbcType=INTEGER}, #{startdate,jdbcType=DATE}, #{enddate,jdbcType=DATE}, 
      #{zt,jdbcType=VARCHAR}, #{guideid,jdbcType=INTEGER}, #{lineid,jdbcType=INTEGER}, 
      #{remark,jdbcType=VARCHAR}, #{agencyid,jdbcType=INTEGER}, #{filename,jdbcType=VARCHAR}, 
      #{realfilename,jdbcType=VARCHAR})
  </insert>
  <insert id="insertSelective" parameterType="com.cdtskj.pojo.LyOrder">
    insert into ly_order
    <trim prefix="(" suffix=")" suffixOverrides=",">
      <if test="orderid != null">
        orderid,
      </if>
      <if test="title != null">
        title,
      </if>
      <if test="countnum != null">
        countnum,
      </if>
      <if test="timeuse != null">
        timeuse,
      </if>
      <if test="startdate != null">
        startdate,
      </if>
      <if test="enddate != null">
        enddate,
      </if>
      <if test="zt != null">
        zt,
      </if>
      <if test="guideid != null">
        guideid,
      </if>
      <if test="lineid != null">
        lineid,
      </if>
      <if test="remark != null">
        remark,
      </if>
      <if test="agencyid != null">
        agencyid,
      </if>
      <if test="filename != null">
        filename,
      </if>
      <if test="realfilename != null">
        realfilename,
      </if>
    </trim>
    <trim prefix="values (" suffix=")" suffixOverrides=",">
      <if test="orderid != null">
        #{orderid,jdbcType=INTEGER},
      </if>
      <if test="title != null">
        #{title,jdbcType=VARCHAR},
      </if>
      <if test="countnum != null">
        #{countnum,jdbcType=INTEGER},
      </if>
      <if test="timeuse != null">
        #{timeuse,jdbcType=INTEGER},
      </if>
      <if test="startdate != null">
        #{startdate,jdbcType=DATE},
      </if>
      <if test="enddate != null">
        #{enddate,jdbcType=DATE},
      </if>
      <if test="zt != null">
        #{zt,jdbcType=VARCHAR},
      </if>
      <if test="guideid != null">
        #{guideid,jdbcType=INTEGER},
      </if>
      <if test="lineid != null">
        #{lineid,jdbcType=INTEGER},
      </if>
      <if test="remark != null">
        #{remark,jdbcType=VARCHAR},
      </if>
      <if test="agencyid != null">
        #{agencyid,jdbcType=INTEGER},
      </if>
      <if test="filename != null">
        #{filename,jdbcType=VARCHAR},
      </if>
      <if test="realfilename != null">
        #{realfilename,jdbcType=VARCHAR},
      </if>
    </trim>
  </insert>
  <update id="updateByPrimaryKeySelective" parameterType="com.cdtskj.pojo.LyOrder">
    update ly_order
    <set>
      <if test="title != null">
        title = #{title,jdbcType=VARCHAR},
      </if>
      <if test="countnum != null">
        countnum = #{countnum,jdbcType=INTEGER},
      </if>
      <if test="timeuse != null">
        timeuse = #{timeuse,jdbcType=INTEGER},
      </if>
      <if test="startdate != null">
        startdate = #{startdate,jdbcType=DATE},
      </if>
      <if test="enddate != null">
        enddate = #{enddate,jdbcType=DATE},
      </if>
      <if test="zt != null">
        zt = #{zt,jdbcType=VARCHAR},
      </if>
      <if test="guideid != null">
        guideid = #{guideid,jdbcType=INTEGER},
      </if>
      <if test="lineid != null">
        lineid = #{lineid,jdbcType=INTEGER},
      </if>
      <if test="remark != null">
        remark = #{remark,jdbcType=VARCHAR},
      </if>
      <if test="agencyid != null">
        agencyid = #{agencyid,jdbcType=INTEGER},
      </if>
      <if test="filename != null">
        filename = #{filename,jdbcType=VARCHAR},
      </if>
      <if test="realfilename != null">
        realfilename = #{realfilename,jdbcType=VARCHAR},
      </if>
    </set>
    where orderid = #{orderid,jdbcType=INTEGER}
  </update>
  <update id="updateByPrimaryKey" parameterType="com.cdtskj.pojo.LyOrder">
    update ly_order
    set title = #{title,jdbcType=VARCHAR},
      countnum = #{countnum,jdbcType=INTEGER},
      timeuse = #{timeuse,jdbcType=INTEGER},
      startdate = #{startdate,jdbcType=DATE},
      enddate = #{enddate,jdbcType=DATE},
      zt = #{zt,jdbcType=VARCHAR},
      guideid = #{guideid,jdbcType=INTEGER},
      lineid = #{lineid,jdbcType=INTEGER},
      remark = #{remark,jdbcType=VARCHAR},
      agencyid = #{agencyid,jdbcType=INTEGER},
      filename = #{filename,jdbcType=VARCHAR},
      realfilename = #{realfilename,jdbcType=VARCHAR}
    where orderid = #{orderid,jdbcType=INTEGER}
  </update>
  
  <select id="selectParam" parameterType="java.util.Map" resultMap="BaseResultMap">
   
     select * from ly_order  
     
   		<where>
   		
   		<if test="title != null">title like '%${title}%'</if>
   		
   		<if test="remark != null"> and remark like '%${remark}%'</if>
   		
   		<if test="pageno != null">  limit ${(pageno-1) * pagesize} , #{pagesize}</if>
   		
      	 
       </where>
               
    
  </select>
  
  
  <select id="selectCount" parameterType="java.util.Map"  resultType="java.lang.Long" >
   
     select count(*) from ly_order 
     
   	 <where>
   		
   		<if test="title != null">title like '%${title}%'</if>
   		
   		<if test="remark != null"> and remark like '%${remark}%'</if>
   		
   		      	 
      </where>
               
    
  </select>
  
  
    
  
</mapper>