<?xml version="1.0" encoding="UTF-8"?>
<!DOCTYPE mapper PUBLIC "-//mybatis.org//DTD Mapper 3.0//EN" "http://mybatis.org/dtd/mybatis-3-mapper.dtd">
<mapper namespace="com.cdtskj.pojo.XtLog">

  <resultMap id="BaseResultMap" type="com.cdtskj.pojo.XtLog">
    <id column="logid" jdbcType="INTEGER" property="logid" />
    <result column="describes" jdbcType="VARCHAR" property="describes" />
    <result column="date" jdbcType="TIMESTAMP" property="date" />
    <result column="remark" jdbcType="VARCHAR" property="remark" />
    <result column="operator" jdbcType="VARCHAR" property="operator" />
  </resultMap>
  
  <sql id="Base_Column_List">
    logid, describes, date, remark, operator
  </sql>
  
  <select id="selectByPrimaryKey" parameterType="java.lang.Integer" resultMap="BaseResultMap">
    select 
    <include refid="Base_Column_List" />
    from xt_log
    where logid = #{logid,jdbcType=INTEGER}
  </select>
  
  <delete id="deleteByPrimaryKey" parameterType="java.lang.Integer">
    delete from xt_log
    where logid = #{logid,jdbcType=INTEGER}
  </delete>
  
  
  <insert id="insert" parameterType="com.cdtskj.pojo.XtLog">
    insert into xt_log (logid, describes, date, 
      remark, operator)
    values (#{logid,jdbcType=INTEGER}, #{describes,jdbcType=VARCHAR}, #{date,jdbcType=TIMESTAMP}, 
      #{remark,jdbcType=VARCHAR}, #{operator,jdbcType=VARCHAR})
  </insert>
  <insert id="insertSelective" parameterType="com.cdtskj.pojo.XtLog">
    insert into xt_log
    <trim prefix="(" suffix=")" suffixOverrides=",">
      <if test="logid != null">
        logid,
      </if>
      <if test="describes != null">
        describes,
      </if>
      <if test="date != null">
        date,
      </if>
      <if test="remark != null">
        remark,
      </if>
      <if test="operator != null">
        operator,
      </if>
    </trim>
    <trim prefix="values (" suffix=")" suffixOverrides=",">
      <if test="logid != null">
        #{logid,jdbcType=INTEGER},
      </if>
      <if test="describes != null">
        #{describes,jdbcType=VARCHAR},
      </if>
      <if test="date != null">
        #{date,jdbcType=TIMESTAMP},
      </if>
      <if test="remark != null">
        #{remark,jdbcType=VARCHAR},
      </if>
      <if test="operator != null">
        #{operator,jdbcType=VARCHAR},
      </if>
    </trim>
  </insert>
  <update id="updateByPrimaryKeySelective" parameterType="com.cdtskj.pojo.XtLog">
    update xt_log
    <set>
      <if test="describes != null">
        describes = #{describes,jdbcType=VARCHAR},
      </if>
      <if test="date != null">
        date = #{date,jdbcType=TIMESTAMP},
      </if>
      <if test="remark != null">
        remark = #{remark,jdbcType=VARCHAR},
      </if>
      <if test="operator != null">
        operator = #{operator,jdbcType=VARCHAR},
      </if>
    </set>
    where logid = #{logid,jdbcType=INTEGER}
  </update>
  <update id="updateByPrimaryKey" parameterType="com.cdtskj.pojo.XtLog">
    update xt_log
    set describes = #{describes,jdbcType=VARCHAR},
      date = #{date,jdbcType=TIMESTAMP},
      remark = #{remark,jdbcType=VARCHAR},
      operator = #{operator,jdbcType=VARCHAR}
    where logid = #{logid,jdbcType=INTEGER}
  </update>
  
  
  <select id="selectParam" parameterType="java.util.Map" resultMap="BaseResultMap">
   
     select * from xt_log 
     
   		<where>
   		
   		<if test="describes != null">describes like '%${describes}%'</if>
   		
   		<if test="operator != null"> and operator like '%${operator}%'</if>
   		
   		<if test="pageno != null">  limit ${(pageno-1) * pagesize} , #{pagesize}</if>
   		
      	 
       </where>
               
    
  </select>
  
  
  <select id="selectCount" parameterType="java.util.Map"  resultType="java.lang.Long" >
   
     select count(*) from xt_log 
     
   		<where>
   		
   		<if test="describes != null">describes like '%${describes}%'</if>
   		
   		<if test="operator != null"> and operator like '%${operator}%'</if>
   		
   		      	 
       </where>
               
    
  </select>
  
  
   
  
   <delete id="deleteParam" parameterType="java.util.Map">
   
    delete from xt_log 
     
      <where>
   		
   		<if test="describes != null">describes like '%${describes}%'</if>
   		
   		<if test="operator != null"> and operator like '%${operator}%'</if>
   		
   		      	 
       </where>
    
  </delete>
  
</mapper>