<?xml version="1.0" encoding="UTF-8"?>
<!DOCTYPE mapper PUBLIC "-//mybatis.org//DTD Mapper 3.0//EN" "http://mybatis.org/dtd/mybatis-3-mapper.dtd">
<mapper namespace="com.cdtskj.pojo.XtUser">

  <resultMap id="BaseResultMap" type="com.cdtskj.pojo.XtUser">
    <id column="userid" jdbcType="INTEGER" property="userid" />
    <result column="name" jdbcType="VARCHAR" property="name" />
    <result column="loginname" jdbcType="VARCHAR" property="loginname" />
    <result column="password" jdbcType="VARCHAR" property="password" />
    <result column="email" jdbcType="VARCHAR" property="email" />
    <result column="zt" jdbcType="INTEGER" property="zt" />
    <result column="agencyid" jdbcType="INTEGER" property="agencyid" />
  </resultMap>
  
  <sql id="Base_Column_List">
    userid, name, loginname, password, email, zt, agencyid
  </sql>
  
  <select id="selectByPrimaryKey" parameterType="java.lang.Integer" resultMap="BaseResultMap">
    select 
    <include refid="Base_Column_List" />
    from xt_user
    where userid = #{userid,jdbcType=INTEGER}
  </select>
  
  <delete id="deleteByPrimaryKey" parameterType="java.lang.Integer">
    delete from xt_user
    where userid = #{userid,jdbcType=INTEGER}
  </delete>
  <insert id="insert" parameterType="com.cdtskj.pojo.XtUser">
    insert into xt_user (userid, name, loginname, 
      password, email, zt, 
      agencyid)
    values (#{userid,jdbcType=INTEGER}, #{name,jdbcType=VARCHAR}, #{loginname,jdbcType=VARCHAR}, 
      #{password,jdbcType=VARCHAR}, #{email,jdbcType=VARCHAR}, #{zt,jdbcType=INTEGER}, 
      #{agencyid,jdbcType=INTEGER})
  </insert>
  <insert id="insertSelective" parameterType="com.cdtskj.pojo.XtUser">
    insert into xt_user
    <trim prefix="(" suffix=")" suffixOverrides=",">
      <if test="userid != null">
        userid,
      </if>
      <if test="name != null">
        name,
      </if>
      <if test="loginname != null">
        loginname,
      </if>
      <if test="password != null">
        password,
      </if>
      <if test="email != null">
        email,
      </if>
      <if test="zt != null">
        zt,
      </if>
      <if test="agencyid != null">
        agencyid,
      </if>
    </trim>
    <trim prefix="values (" suffix=")" suffixOverrides=",">
      <if test="userid != null">
        #{userid,jdbcType=INTEGER},
      </if>
      <if test="name != null">
        #{name,jdbcType=VARCHAR},
      </if>
      <if test="loginname != null">
        #{loginname,jdbcType=VARCHAR},
      </if>
      <if test="password != null">
        #{password,jdbcType=VARCHAR},
      </if>
      <if test="email != null">
        #{email,jdbcType=VARCHAR},
      </if>
      <if test="zt != null">
        #{zt,jdbcType=INTEGER},
      </if>
      <if test="agencyid != null">
        #{agencyid,jdbcType=INTEGER},
      </if>
    </trim>
  </insert>
  <update id="updateByPrimaryKeySelective" parameterType="com.cdtskj.pojo.XtUser">
    update xt_user
    <set>
      <if test="name != null">
        name = #{name,jdbcType=VARCHAR},
      </if>
      <if test="loginname != null">
        loginname = #{loginname,jdbcType=VARCHAR},
      </if>
      <if test="password != null">
        password = #{password,jdbcType=VARCHAR},
      </if>
      <if test="email != null">
        email = #{email,jdbcType=VARCHAR},
      </if>
      <if test="zt != null">
        zt = #{zt,jdbcType=INTEGER},
      </if>
      <if test="agencyid != null">
        agencyid = #{agencyid,jdbcType=INTEGER},
      </if>
    </set>
    where userid = #{userid,jdbcType=INTEGER}
  </update>
  <update id="updateByPrimaryKey" parameterType="com.cdtskj.pojo.XtUser">
    update xt_user
    set name = #{name,jdbcType=VARCHAR},
      loginname = #{loginname,jdbcType=VARCHAR},
      password = #{password,jdbcType=VARCHAR},
      email = #{email,jdbcType=VARCHAR},
      zt = #{zt,jdbcType=INTEGER},
      agencyid = #{agencyid,jdbcType=INTEGER}
    where userid = #{userid,jdbcType=INTEGER}
  </update>
  
  
   
  
  <select id="selectParam" parameterType="java.util.Map" resultMap="BaseResultMap">
   
     select * from xt_user  
     
   	 <where>
   		
   		<if test="loginname != null"> loginname like '%${loginname}%' </if>   		   		 
   		    		
   		<if test="name != null"> and name like '%${name}%'</if>
   		
   		<if test="pageno != null">  limit ${(pageno-1) * pagesize} , #{pagesize}</if>   		
      	 
     </where>
               
    
  </select>
  
  
  <select id="selectExat" parameterType="java.util.Map" resultMap="BaseResultMap">
   
     select * from xt_user  
     
   	 <where>
   		
   		<if test="loginname != null"> loginname = #{loginname} </if>   		   		 
   		    		
   		<if test="password != null"> and password = #{password}</if>   		   		   		
      	 
     </where>
               
    
  </select>
  
  
  
  <select id="selectCount" parameterType="java.util.Map"  resultType="java.lang.Long" >
   
     select count(*) from xt_user 
     
   	 <where>
   		
   		<if test="loginname != null"> loginname like '%${loginname}%' </if>   		
   		 
   		    		
   		<if test="name != null"> and name like '%${name}%'</if>
   		      	 
      </where>
               
    
  </select>
  
  
  
</mapper>