<?xml version="1.0"?>
<!DOCTYPE hibernate-mapping PUBLIC "-//Hibernate/Hibernate Mapping DTD 3.0//EN"
"http://www.hibernate.org/dtd/hibernate-mapping-3.0.dtd">
<!-- Generated 2016-11-1 7:41:03 by Hibernate Tools 5.2.0.Beta1 -->
<hibernate-mapping>
    <class name="com.cdtskj.pojo.LyAgency" table="ly_agency" catalog="tdyd" optimistic-lock="version">
        <id name="agencyid" type="java.lang.Integer">
            <column name="agencyid" />
            <generator class="identity" />
        </id>
        <property name="name" type="string">
            <column name="name" length="50" not-null="true" />
        </property>
        <property name="code" type="string">
            <column name="code" length="30" not-null="true" />
        </property>
        <property name="phone" type="string">
            <column name="phone" length="30" />
        </property>
        <property name="email" type="string">
            <column name="email" length="50" />
        </property>
        <property name="remark" type="string">
            <column name="remark" length="200" />
        </property>
        <set name="xtUsers" table="xt_user" inverse="true" lazy="true" fetch="select">
            <key>
                <column name="agencyid" />
            </key>
            <one-to-many class="com.cdtskj.pojo.XtUser" />
        </set>
        <set name="lyGuides" table="ly_guide" inverse="true" lazy="true" fetch="select">
            <key>
                <column name="agencyid" />
            </key>
            <one-to-many class="com.cdtskj.pojo.LyGuide" />
        </set>
        <set name="lyOrders" table="ly_order" inverse="true" lazy="true" fetch="select">
            <key>
                <column name="agencyid" />
            </key>
            <one-to-many class="com.cdtskj.pojo.LyOrder" />
        </set>
    </class>
</hibernate-mapping>
