<?xml version="1.0"?>
<!DOCTYPE hibernate-mapping PUBLIC "-//Hibernate/Hibernate Mapping DTD 3.0//EN"
"http://www.hibernate.org/dtd/hibernate-mapping-3.0.dtd">
<!-- Generated 2016-11-1 7:41:03 by Hibernate Tools 5.2.0.Beta1 -->
<hibernate-mapping>
    <class name="com.cdtskj.pojo.LyGuide" table="ly_guide" catalog="tdyd" optimistic-lock="version">
        <id name="guideid" type="java.lang.Integer">
            <column name="guideid" />
            <generator class="identity" />
        </id>
        <many-to-one name="lyAgency" class="com.cdtskj.pojo.LyAgency" fetch="select"  lazy="false">
            <column name="agencyid" />
        </many-to-one>
        <property name="name" type="string">
            <column name="name" length="30" not-null="true" />
        </property>
        <property name="phone" type="string">
            <column name="phone" length="30" />
        </property>
        <property name="email" type="string">
            <column name="email" length="30" />
        </property>
        <property name="sex" type="string">
            <column name="sex" length="1" />
        </property>
        <property name="qqnum" type="string">
            <column name="qqnum" length="20" />
        </property>
        <property name="remark" type="string">
            <column name="remark" length="200" />
        </property>
        <set name="lyOrders" table="ly_order" inverse="true" lazy="true" fetch="select">
            <key>
                <column name="guideid" />
            </key>
            <one-to-many class="com.cdtskj.pojo.LyOrder" />
        </set>
    </class>
</hibernate-mapping>
