<?xml version="1.0"?>
<!DOCTYPE hibernate-mapping PUBLIC "-//Hibernate/Hibernate Mapping DTD 3.0//EN"
"http://www.hibernate.org/dtd/hibernate-mapping-3.0.dtd">
<!-- Generated 2016-11-1 7:41:03 by Hibernate Tools 5.2.0.Beta1 -->
<hibernate-mapping>
    <class name="com.cdtskj.pojo.LyLine" table="ly_line" catalog="tdyd" optimistic-lock="version">
        <id name="lineid" type="java.lang.Integer">
            <column name="lineid" />
            <generator class="identity" />
        </id>
        <property name="name" type="string">
            <column name="name" length="50" />
        </property>
        <property name="code" type="string">
            <column name="code" length="10" />
        </property>
        <property name="fromplace" type="string">
            <column name="fromplace" length="200" />
        </property>
        <property name="toplace" type="string">
            <column name="toplace" length="200" />
        </property>
        <property name="price" type="java.lang.Integer">
            <column name="price" />
        </property>
        <property name="remark" type="string">
            <column name="remark" length="200" />
        </property>
        <set name="lyOrders" table="ly_order" inverse="true" lazy="true" fetch="select">
            <key>
                <column name="lineid" />
            </key>
            <one-to-many class="com.cdtskj.pojo.LyOrder" />
        </set>
    </class>
</hibernate-mapping>
