<?xml version="1.0"?>
<!DOCTYPE hibernate-mapping PUBLIC "-//Hibernate/Hibernate Mapping DTD 3.0//EN"
"http://www.hibernate.org/dtd/hibernate-mapping-3.0.dtd">
<!-- Generated 2016-11-1 7:41:03 by Hibernate Tools 5.2.0.Beta1 -->
<hibernate-mapping>
    <class name="com.cdtskj.pojo.LyOrder" table="ly_order" catalog="tdyd" optimistic-lock="version">
        <id name="orderid" type="java.lang.Integer">
            <column name="orderid" />
            <generator class="identity" />
        </id>
        <many-to-one name="lyAgency" class="com.cdtskj.pojo.LyAgency" fetch="select"  lazy="false">
            <column name="agencyid" />
        </many-to-one>
        <many-to-one name="lyGuide" class="com.cdtskj.pojo.LyGuide" fetch="select"  lazy="false">
            <column name="guideid" />
        </many-to-one>
        <many-to-one name="lyLine" class="com.cdtskj.pojo.LyLine" fetch="select"  lazy="false">
            <column name="lineid" />
        </many-to-one>
        <property name="title" type="string">
            <column name="title" length="50" />
        </property>
        <property name="countnum" type="java.lang.Integer">
            <column name="countnum" />
        </property>
        <property name="timeuse" type="java.lang.Integer">
            <column name="timeuse" />
        </property>
        <property name="startdate" type="date">
            <column name="startdate" length="10" />
        </property>
        <property name="enddate" type="date">
            <column name="enddate" length="10" />
        </property>
        <property name="zt" type="string">
            <column name="zt" length="10" />
        </property>
        <property name="remark" type="string">
            <column name="remark" length="200" />
        </property>
        <property name="filename" type="string">
            <column name="filename" length="50" />
        </property>
        <property name="realfilename" type="string">
            <column name="realfilename" length="50" />
        </property>
    </class>
</hibernate-mapping>
