<?xml version="1.0"?>
<!DOCTYPE hibernate-mapping PUBLIC "-//Hibernate/Hibernate Mapping DTD 3.0//EN"
"http://www.hibernate.org/dtd/hibernate-mapping-3.0.dtd">
<!-- Generated 2016-11-1 7:41:03 by Hibernate Tools 5.2.0.Beta1 -->
<hibernate-mapping>
    <class name="com.cdtskj.pojo.XtLog" table="xt_log" catalog="tdyd" optimistic-lock="version">
        <id name="logid" type="java.lang.Integer">
            <column name="logid" />
            <generator class="identity" />
        </id>
        <property name="describes" type="string">
            <column name="describes" length="100" />
        </property>
        <property name="date" type="timestamp">
            <column name="date" length="19" />
        </property>
        <property name="remark" type="string">
            <column name="remark" length="200" />
        </property>
        <property name="operator" type="string">
            <column name="operator" length="50" />
        </property>
    </class>
</hibernate-mapping>
