<?xml version="1.0"?>
<!DOCTYPE hibernate-mapping PUBLIC "-//Hibernate/Hibernate Mapping DTD 3.0//EN"
"http://www.hibernate.org/dtd/hibernate-mapping-3.0.dtd">
<!-- Generated 2016-11-1 7:41:03 by Hibernate Tools 5.2.0.Beta1 -->
<hibernate-mapping>
    <class name="com.cdtskj.pojo.XtUser" table="xt_user" catalog="tdyd" optimistic-lock="version">
        <id name="userid" type="java.lang.Integer">
            <column name="userid" />
            <generator class="identity" />
        </id>
        <many-to-one name="lyAgency" class="com.cdtskj.pojo.LyAgency" fetch="select" lazy="false">
            <column name="agencyid" />
        </many-to-one>
        <property name="name" type="string">
            <column name="name" length="50" not-null="true" />
        </property>
        <property name="loginname" type="string">
            <column name="loginname" length="50" not-null="true" />
        </property>
        <property name="password" type="string">
            <column name="password" length="50" not-null="true" />
        </property>
        <property name="email" type="string">
            <column name="email" length="30" />
        </property>
        <property name="zt" type="java.lang.Integer">
            <column name="zt" />
        </property>
    </class>
</hibernate-mapping>
